AAA	-0.274
AAC	-0.205
AAG	-0.081
AAT	-0.280
ACA	-0.006
ACC	-0.032
ACG	-0.033
ACT	-0.183
AGA	0.027
AGC	0.017
AGG	-0.057
ATA	0.182
ATC	-0.110
ATG	0.134
CAA	0.015
CAC	0.040
CAG	0.175
CCA	-0.246
CCC	-0.012
CCG	-0.136
CGA	-0.003
CGC	-0.077
CTA	0.090
CTC	0.031
GAA	-0.037
GAC	-0.013
GCA	0.076
GCC	0.107
GGA	0.013
GTA	0.025
TAA	0.068
TCA	0.194
TTT	-0.274
GTT	-0.205
CTT	-0.081
ATT	-0.280
TGT	-0.006
GGT	-0.032
CGT	-0.033
AGT	-0.183
TCT	0.027
GCT	0.017
CCT	-0.057
TAT	0.182
GAT	-0.110
CAT	0.134
TTG	0.015
GTG	0.040
CTG	0.175
TGG	-0.246
GGG	-0.012
CGG	-0.136
TCG	-0.003
GCG	-0.077
TAG	0.090
GAG	0.031
TTC	-0.037
GTC	-0.013
TGC	0.076
GGC	0.107
TCC	0.013
TAC	0.025
TTA	0.068
TGA	0.194